{"miniprogramRoot":"","__compileDebugInfo__":{"from":"ci","useNewCompileModule":true,"devtoolsVersion":"0","compileSetting":{"urlCheck":true,"es6":true,"enhance":true,"postcss":true,"preloadBackgroundData":false,"minified":true,"newFeature":false,"coverView":true,"nodeModules":false,"autoAudits":false,"showShadowRootInWxmlPanel":true,"scopeDataCheck":false,"uglifyFileName":false,"checkInvalidKey":true,"checkSiteMap":true,"uploadWithSourceMap":true,"compileHotReLoad":false,"lazyloadPlaceholderEnable":false,"useMultiFrameRuntime":false,"useApiHook":false,"useApiHostProcess":false,"babelSetting":{"ignore":[],"disablePlugins":[],"outputPath":""},"useIsolateContext":false,"userConfirmedBundleSwitch":false,"packNpmManually":false,"packNpmRelationList":[],"minifyWXSS":true,"disableUseStrict":false,"minifyWXML":true,"showES6CompileOption":false,"useCompilerPlugins":false,"ignoreUploadUnusedFiles":true,"autoPrefixWXSS":true,"minify":true,"minifyJS":true},"ciVersion":"1.9.8"}}